{
  "metadata": {
    "description": "Unigram Model trained with custom script."
  },
  "vocab": {
    "<unk>": 0,
    " ": 1,
    " 2": 2,
    "e": 3,
    "i": 4,
    "t": 5,
    "h": 6,
    "o": 7,
    "er": 8,
    ".": 9,
    "l": 10,
    ",": 11,
    "v": 12,
    "2": 13,
    "he": 14,
    "y": 15,
    "r": 16,
    "s": 17,
    " a": 18,
    "or": 19,
    "d": 20,
    " 1": 21,
    "a": 22,
    " s": 23,
    "c": 24,
    "re": 25,
    " R": 26,
    "0": 27,
    "f": 28,
    "b": 29,
    "ed": 30,
    "m": 31,
    "u": 32,
    "ar": 33,
    "g": 34,
    "is": 35,
    "an": 36,
    "es": 37,
    " S": 38,
    "en": 39,
    " A": 40,
    "at": 41,
    "J": 42,
    "it": 43,
    "n": 44,
    "N": 45,
    "ic": 46,
    "al": 47,
    " the": 48,
    "1": 49,
    "p": 50,
    " on": 51,
    " 201": 52,
    " T": 53,
    "D": 54,
    "B": 55,
    "in": 56,
    " \"": 57,
    "ou": 58,
    " w": 59,
    "on": 60,
    "3": 61,
    "F": 62,
    "\n": 63,
    " M": 64,
    " Swift": 65,
    "9": 66,
    "ing": 67,
    "w": 68,
    "]": 69,
    "[": 70,
    "Taylor": 71,
    "H": 72,
    "O": 73,
    " to": 74,
    " C": 75,
    "G": 76,
    "\".": 77,
    "W": 78,
    "P": 79,
    " (": 80,
    "S": 81,
    "'": 82,
    " Retrieved": 83,
    "L": 84,
    "7": 85,
    "5": 86,
    "8": 87,
    ").": 88,
    "A": 89,
    "k": 90,
    " and": 91,
    "E": 92,
    "T": 93,
    "4": 94,
    "6": 95,
    "R": 96,
    " from": 97,
    " of": 98,
    "Y": 99,
    "V": 100,
    " original": 101,
    " Archived": 102,
    ")": 103,
    "\"": 104,
    " 2023": 105,
    "-": 106,
    "M": 107,
    " 2022": 108,
    "C": 109,
    ":": 110,
    "November": 111,
    " Billboard": 112,
    "October": 113,
    " 2021": 114,
    "December": 115,
    "I": 116,
    "lbum": 117,
    "August": 118,
    "July": 119,
    "x": 120,
    "z": 121,
    "K": 122,
    "U": 123,
    "q": 124,
    "j": 125,
    "Z": 126,
    "Q": 127,
    "(": 128,
    "?": 129,
    "!": 130,
    ";": 131,
    "X": 132,
    "é": 133,
    "—": 134,
    "/": 135,
    "$": 136,
    "–": 137,
    "&": 138,
    "#": 139,
    "•": 140,
    "\t": 141,
    "@": 142,
    "ö": 143,
    "ñ": 144,
    "í": 145,
    "+": 146,
    "®": 147,
    "™": 148,
    "£": 149,
    "á": 150
  },
  "scores": {
    "0": -22.112051820711883,
    "1": -3.0568610913874785,
    "2": -3.6642434578057332,
    "3": -3.678789226314042,
    "4": -3.8216185546753048,
    "5": -3.822633293959116,
    "6": -3.913195390055553,
    "7": -3.9335379470780487,
    "8": -4.016411435714756,
    "9": -4.019789427263886,
    "10": -4.054306498753518,
    "11": -4.06742554641218,
    "12": -4.086095805191608,
    "13": -4.1319820901167565,
    "14": -4.13531478408329,
    "15": -4.139088433708772,
    "16": -4.1392915985302245,
    "17": -4.175497568910705,
    "18": -4.177861114646858,
    "19": -4.1884195508273585,
    "20": -4.190922517292654,
    "21": -4.221645790365715,
    "22": -4.249084338161446,
    "23": -4.283940536237121,
    "24": -4.295724979886576,
    "25": -4.312284532140247,
    "26": -4.318224881626534,
    "27": -4.332007060315623,
    "28": -4.340035898568711,
    "29": -4.346795539518804,
    "30": -4.347755839184268,
    "31": -4.395875330490325,
    "32": -4.396460343690594,
    "33": -4.402694491434468,
    "34": -4.467500441664358,
    "35": -4.473576462411358,
    "36": -4.514260337639054,
    "37": -4.515476349037102,
    "38": -4.520529473680625,
    "39": -4.528441969992935,
    "40": -4.547573486954967,
    "41": -4.574343038362793,
    "42": -4.595391543283459,
    "43": -4.659992507981884,
    "44": -4.685133585823904,
    "45": -4.731445250715136,
    "46": -4.774655535011349,
    "47": -4.778089340437,
    "48": -4.809110657068738,
    "49": -4.850498949471121,
    "50": -4.853679973533792,
    "51": -4.854855428085342,
    "52": -4.857691479002605,
    "53": -4.863103218229006,
    "54": -4.87150507233639,
    "55": -4.902456065326667,
    "56": -4.926131512297324,
    "57": -4.957406243047291,
    "58": -4.96739643689608,
    "59": -4.979668839528644,
    "60": -4.992700616709086,
    "61": -5.072708072531501,
    "62": -5.168843040019072,
    "63": -5.21636912842787,
    "64": -5.243742071072276,
    "65": -5.2504140731265805,
    "66": -5.290402520435627,
    "67": -5.292337930342446,
    "68": -5.301010334010025,
    "69": -5.301502457839604,
    "70": -5.341696731368033,
    "71": -5.381725954395321,
    "72": -5.38389190855281,
    "73": -5.389485593630392,
    "74": -5.39174761415044,
    "75": -5.392054404170756,
    "76": -5.41976886789179,
    "77": -5.42616221123147,
    "78": -5.440442952499312,
    "79": -5.456235281444962,
    "80": -5.518752481712066,
    "81": -5.522174735365338,
    "82": -5.55495292365888,
    "83": -5.562382573696833,
    "84": -5.623548084898431,
    "85": -5.628722424706905,
    "86": -5.630245129339442,
    "87": -5.648874899142407,
    "88": -5.651383395858135,
    "89": -5.6831430715126645,
    "90": -5.68569314198844,
    "91": -5.703396636752491,
    "92": -5.724552789336226,
    "93": -5.736645657473103,
    "94": -5.768064221831239,
    "95": -5.771276580040754,
    "96": -5.808476466872497,
    "97": -5.810467946889719,
    "98": -5.819080920265345,
    "99": -5.845899748033423,
    "100": -5.897592628409005,
    "101": -5.916894384501128,
    "102": -5.938168032212937,
    "103": -6.180904952439617,
    "104": -6.2540987111528965,
    "105": -6.256172317338147,
    "106": -6.331308310372063,
    "107": -6.336281166345419,
    "108": -6.627462694894139,
    "109": -6.655967977676089,
    "110": -6.656730710800197,
    "111": -6.665632285693477,
    "112": -6.789068942766159,
    "113": -6.791732827199908,
    "114": -6.811035712576865,
    "115": -6.8157227070007815,
    "116": -6.881969203623851,
    "117": -6.9004265053672516,
    "118": -7.005699365696098,
    "119": -7.155676904870197,
    "120": -7.6932112183160495,
    "121": -7.79456371257001,
    "122": -7.922397084068351,
    "123": -8.50113391338452,
    "124": -8.816214959972118,
    "125": -8.853955287945992,
    "126": -9.2788384818014,
    "127": -9.627145175936542,
    "128": -9.673579675650364,
    "129": -10.320292356036681,
    "130": -10.320292356037012,
    "131": -10.502613912647229,
    "132": -10.502613912650808,
    "133": -10.725757463692704,
    "134": -11.01343953568427,
    "135": -11.01343953568445,
    "136": -11.41890464288025,
    "137": -11.418904642880253,
    "138": -11.418904642880417,
    "139": -11.41890464288442,
    "140": -12.112051820705585,
    "141": -12.112051820706581,
    "142": -12.112051820707464,
    "143": -12.112051820711866,
    "144": -12.11205182071187,
    "145": -12.11205182071188,
    "146": -12.112051820711882,
    "147": -12.112051820711882,
    "148": -12.112051820711882,
    "149": -12.112051820711883,
    "150": -12.112051820711883
  },
  "pre_tokenizer_regex": "'s|'t|'re|'ve|'m|'ll|'d| ?\\p{L}+| ?\\p{N}+| ?[^\\s\\p{L}\\p{N}]+|\\s+(?!\\S)|\\s+",
  "unk_token": "<unk>"
}