{
  "metadata": {
    "description": "Unigram Model trained with custom script."
  },
  "vocab": {
    "<unk>": 0,
    " ": 1,
    "i": 2,
    "e": 3,
    "a": 4,
    "n": 5,
    "r": 6,
    "l": 7,
    "t": 8,
    "o": 9,
    "er": 10,
    "s": 11,
    "h": 12,
    "d": 13,
    "c": 14,
    "R": 15,
    "m": 16,
    "f": 17,
    "S": 18,
    "re": 19,
    "2": 20,
    "v": 21,
    "en": 22,
    "T": 23,
    "u": 24,
    "at": 25,
    "(": 26,
    "y": 27,
    "A": 28,
    "g": 29,
    "0": 30,
    "1": 31,
    "M": 32,
    "b": 33,
    "C": 34,
    "D": 35,
    "p": 36,
    "B": 37,
    "J": 38,
    "N": 39,
    "P": 40,
    "W": 41,
    "w": 42,
    "G": 43,
    "ing": 44,
    "H": 45,
    "F": 46,
    "3": 47,
    "I": 48,
    "k": 49,
    "9": 50,
    "4": 51,
    "5": 52,
    "\"": 53,
    "6": 54,
    "7": 55,
    "8": 56,
    "L": 57,
    "E": 58,
    "x": 59,
    "z": 60,
    "O": 61,
    ")": 62,
    "K": 63,
    "V": 64,
    ".": 65,
    "U": 66,
    "'": 67,
    "Y": 68,
    "q": 69,
    "[": 70,
    "j": 71,
    "Z": 72,
    "Q": 73,
    ",": 74,
    ":": 75,
    "?": 76,
    "!": 77,
    "-": 78,
    ";": 79,
    "X": 80,
    "é": 81,
    "—": 82,
    "/": 83,
    "]": 84,
    "$": 85,
    "–": 86,
    "&": 87,
    "#": 88,
    "\n": 89,
    "•": 90,
    "\t": 91,
    "@": 92,
    "ñ": 93,
    "ö": 94,
    "+": 95,
    "®": 96,
    "™": 97,
    "£": 98,
    "á": 99,
    "í": 100
  },
  "scores": {
    "0": -22.381215560587194,
    "1": -2.323144877933968,
    "2": -2.4416920815948315,
    "3": -2.5572479422323697,
    "4": -2.691661053053281,
    "5": -2.7535475367268774,
    "6": -2.782320057178649,
    "7": -2.9444871117945057,
    "8": -2.9753071159490796,
    "9": -3.1634551606237693,
    "10": -3.383873414329096,
    "11": -3.4282067245567136,
    "12": -3.7014343417204776,
    "13": -3.8391169159927063,
    "14": -3.858994992852717,
    "15": -4.058572362370096,
    "16": -4.109262219333942,
    "17": -4.2197033934417565,
    "18": -4.23717642239538,
    "19": -4.3013664955869615,
    "20": -4.420773445140266,
    "21": -4.4282552033717195,
    "22": -4.4393551480872455,
    "23": -4.588397907112531,
    "24": -4.5990818970007465,
    "25": -4.721673997045419,
    "26": -4.808074918948467,
    "27": -4.890310180472585,
    "28": -4.914868489928495,
    "29": -4.919977285218642,
    "30": -5.034327704407491,
    "31": -5.073814960195742,
    "32": -5.165064190851294,
    "33": -5.207151925540661,
    "34": -5.249332020626477,
    "35": -5.256626171958434,
    "36": -5.264088016213734,
    "37": -5.302869316899276,
    "38": -5.369291604610365,
    "39": -5.494585182170211,
    "40": -5.566667329767376,
    "41": -5.617951925027329,
    "42": -5.625345874774079,
    "43": -5.638701701872689,
    "44": -5.700418943549419,
    "45": -5.71328489233175,
    "46": -5.905066157562649,
    "47": -6.314733739896724,
    "48": -6.344251578768161,
    "49": -6.664187859273861,
    "50": -6.810087806221237,
    "51": -6.820533929664453,
    "52": -6.828255975758387,
    "53": -6.929440560087695,
    "54": -7.144773597849845,
    "55": -7.245417123629463,
    "56": -7.344262958266013,
    "57": -7.43957313807041,
    "58": -7.552901823377312,
    "59": -7.962374952882752,
    "60": -8.063727447143009,
    "61": -8.090756119530475,
    "62": -8.112979951113898,
    "63": -8.191560818652517,
    "64": -8.254081175633623,
    "65": -8.400348755489702,
    "66": -8.77029764803347,
    "67": -8.781267986863563,
    "68": -8.915479657877476,
    "69": -9.08537869467274,
    "70": -9.111856143333751,
    "71": -9.123119022655303,
    "72": -9.54800221661885,
    "73": -9.896308910884896,
    "74": -9.983320287873104,
    "75": -10.435305411611317,
    "76": -10.589456091436528,
    "77": -10.589456091436574,
    "78": -10.771777648227168,
    "79": -10.771777648227227,
    "80": -10.771777648227681,
    "81": -10.994921199537353,
    "82": -11.28260327198077,
    "83": -11.282603271980795,
    "84": -11.688068380073222,
    "85": -11.68806838007325,
    "86": -11.688068380073252,
    "87": -11.688068380073272,
    "88": -11.688068380073778,
    "89": -12.381215560586352,
    "90": -12.381215560586392,
    "91": -12.381215560586517,
    "92": -12.38121556058663,
    "93": -12.38121556058718,
    "94": -12.38121556058718,
    "95": -12.381215560587187,
    "96": -12.381215560587187,
    "97": -12.381215560587187,
    "98": -12.381215560587188,
    "99": -12.381215560587194,
    "100": -12.381215560587194
  },
  "pre_tokenizer_regex": "'s|'t|'re|'ve|'m|'ll|'d| ?\\p{L}+| ?\\p{N}+| ?[^\\s\\p{L}\\p{N}]+|\\s+(?!\\S)|\\s+",
  "unk_token": "<unk>"
}